id,start,end,duration_minutes
P1,2025-12-11T15:00,2025-12-11T19:00,240
P2,2025-12-12T12:00,2025-12-12T13:00,60
P3,2025-12-13T13:00,2025-12-13T17:00,240
P4,2025-12-14T15:00,2025-12-14T16:00,60
P5,2025-12-15T10:00,2025-12-15T11:00,60
P6,2025-12-16T15:00,2025-12-16T17:00,120
P7,2025-12-17T09:00,2025-12-17T14:00,300
P8,2025-12-18T10:00,2025-12-18T13:00,180
P9,2025-12-19T11:00,2025-12-19T15:00,240
P10,2025-12-10T09:00,2025-12-10T15:00,360
P11,2025-12-11T11:00,2025-12-11T15:00,240
P12,2025-12-12T11:00,2025-12-12T16:00,300
P14,2025-12-14T15:00,2025-12-14T18:00,180
P15,2025-12-15T08:00,2025-12-15T12:00,240
P16,2025-12-16T08:00,2025-12-16T18:00,600
P17,2025-12-17T10:00,2025-12-17T13:00,180
P18,2025-12-18T08:00,2025-12-18T11:00,180
P19,2025-12-19T16:00,2025-12-19T18:00,120
P20,2025-12-10T15:00,2025-12-10T18:00,180
P21,2025-12-11T09:00,2025-12-11T14:00,300
P22,2025-12-12T15:00,2025-12-12T19:00,240
P23,2025-12-13T10:00,2025-12-13T18:00,480
P24,2025-12-14T10:00,2025-12-14T18:00,480
P25,2025-12-15T12:00,2025-12-15T18:00,360
P26,2025-12-16T15:00,2025-12-16T19:00,240
P27,2025-12-17T09:00,2025-12-17T18:00,540
P28,2025-12-18T10:00,2025-12-18T17:00,420
P29,2025-12-19T13:00,2025-12-19T17:00,240
P30,2025-12-10T16:00,2025-12-10T18:00,120
P31,2025-12-11T17:00,2025-12-11T18:00,60
P32,2025-12-12T11:00,2025-12-12T12:00,60
P33,2025-12-13T11:00,2025-12-13T12:00,60
P34,2025-12-14T13:00,2025-12-14T14:00,60
P35,2025-12-15T16:00,2025-12-15T17:00,60
P36,2025-12-16T12:00,2025-12-16T14:00,120
P37,2025-12-17T12:00,2025-12-17T17:00,300
P38,2025-12-18T09:00,2025-12-18T16:00,420
P40,2025-12-10T14:00,2025-12-10T15:00,60
P42,2025-12-12T17:00,2025-12-12T18:00,60
P43,2025-12-13T09:00,2025-12-13T11:00,120
P44,2025-12-14T11:00,2025-12-14T15:00,240
P45,2025-12-15T17:00,2025-12-15T18:00,60
P46,2025-12-16T12:00,2025-12-16T18:00,360
P47,2025-12-17T13:00,2025-12-17T17:00,240
P48,2025-12-18T09:00,2025-12-18T13:00,240
P51,2025-12-11T12:00,2025-12-11T13:00,60
P52,2025-12-12T11:00,2025-12-12T13:00,120
P53,2025-12-13T15:00,2025-12-13T17:00,120
P54,2025-12-14T10:00,2025-12-14T17:00,420
P55,2025-12-15T14:00,2025-12-15T16:00,120
P56,2025-12-16T10:00,2025-12-16T12:00,120
P57,2025-12-17T11:00,2025-12-17T16:00,300
P58,2025-12-18T11:00,2025-12-18T17:00,360
P59,2025-12-19T11:00,2025-12-19T14:00,180
P60,2025-12-10T10:00,2025-12-10T17:00,420
P61,2025-12-11T15:00,2025-12-11T16:00,60
P62,2025-12-12T10:00,2025-12-12T14:00,240
P63,2025-12-13T10:00,2025-12-13T17:00,420
P64,2025-12-14T14:00,2025-12-14T17:00,180
P65,2025-12-15T13:00,2025-12-15T18:00,300
P66,2025-12-16T16:00,2025-12-16T17:00,60
P67,2025-12-17T14:00,2025-12-17T17:00,180
P68,2025-12-18T13:00,2025-12-18T15:00,120
P69,2025-12-19T16:00,2025-12-19T18:00,120
P70,2025-12-10T15:00,2025-12-10T16:00,60
P71,2025-12-11T09:00,2025-12-11T17:00,480
P72,2025-12-12T08:00,2025-12-12T09:00,60
P73,2025-12-13T14:00,2025-12-13T15:00,60
P74,2025-12-14T13:00,2025-12-14T15:00,120
P75,2025-12-15T12:00,2025-12-15T13:00,60
P76,2025-12-16T11:00,2025-12-16T13:00,120
P77,2025-12-17T11:00,2025-12-17T13:00,120
P78,2025-12-18T10:00,2025-12-18T14:00,240
P79,2025-12-19T14:00,2025-12-19T18:00,240
P80,2025-12-10T12:00,2025-12-10T15:00,180
P81,2025-12-11T10:00,2025-12-11T18:00,480
P82,2025-12-12T10:00,2025-12-12T15:00,300
P83,2025-12-13T10:00,2025-12-13T17:00,420
P84,2025-12-14T16:00,2025-12-14T19:00,180
P85,2025-12-15T16:00,2025-12-15T17:00,60
P86,2025-12-16T08:00,2025-12-16T14:00,360
P87,2025-12-17T12:00,2025-12-17T19:00,420
P88,2025-12-18T09:00,2025-12-18T16:00,420
P89,2025-12-19T13:00,2025-12-19T18:00,300
P90,2025-12-10T09:00,2025-12-10T19:00,600
P91,2025-12-11T13:00,2025-12-11T17:00,240
P92,2025-12-12T10:00,2025-12-12T11:00,60
P93,2025-12-13T11:00,2025-12-13T12:00,60
P94,2025-12-14T15:00,2025-12-14T17:00,120
P95,2025-12-15T12:00,2025-12-15T13:00,60
P96,2025-12-16T16:00,2025-12-16T17:00,60
P97,2025-12-17T15:00,2025-12-17T19:00,240
P98,2025-12-18T08:00,2025-12-18T11:00,180
P99,2025-12-19T09:00,2025-12-19T18:00,540
P100,2025-12-10T15:00,2025-12-10T17:00,120